Türk Medeni Kanunu'nun 1007. maddesi uyarınca tapu sicilinin tutulmasından dolayı uğranılan zararlardan kim sorumludur?,Devlet sorumludur.
"Tapu kaydındaki ""ŞBİ"" kısaltması hangi üç temel kavramı ifade eder?","Şerh, Beyan ve İrtifak."
Kişisel hakları güçlendirerek üçüncü kişilere karşı ileri sürülebilir hale getiren tapu sicil işlemi nedir?,Şerh.
"Genellikle bir hak yaratmayan, sadece taşınmazın hukuki veya fiili durumu hakkında bilgi veren tapu kaydı türü nedir?",Beyan.
Tapu sicilinde şerhler Türk Medeni Kanunu'nun hangi madde aralığında düzenlenmiştir?,1009 ile 1012. maddeler arasında.
"2863 sayılı Kanun kapsamında, doğal sitler hariç olmak üzere sit alanlarının tescili ve gruplandırılmasına hangi birim yetkilidir?",Kültür Varlıklarını Koruma Bölge Kurulu.
"Taşınmaz üzerinde ""kesin yapılanma yasağı"" bulunması durumunda, 2863 sayılı Kanun'un 21. maddesi hangi mali avantajı sağlar?","Her türlü vergi, resim ve harçtan muafiyet sağlar."
"2863 sayılı Kanun kapsamında tescilli taşınmaz kültür varlıklarının devri, 492 sayılı Harçlar Kanunu'nun hangi bendi uyarınca harçtan müstesiadır?",59. maddesinin (m) bendi.
"Hangi bölgedeki taşınmaz kültür varlıkları, konut veya işyeri olarak kullanılmaları halinde 2863 sayılı Kanun'daki harç muafiyetinden yararlanamaz?",Boğaziçi Sahil Şeridi veya Öngörünüm Bölgesi.
2863 sayılı Kanun uyarınca tescilli kültür varlığı bulunan veya sit alanında kalan Hazine taşınmazlarının satışı için hangi bakanlığın izni gerekir?,Kültür ve Turizm Bakanlığı.
Doğal sit alanlarında ve tabiat varlıklarında devir işlemleri için hangi bakanlığın izni aranmalıdır?,Çevre ve Şehircilik Bakanlığı.
Kültür varlığı ve doğal sit özelliklerini bir arada barındıran taşınmazların devrinde hangi kurumlardan izin alınmalıdır?,Hem Kültür ve Turizm Bakanlığı hem de Çevre ve Şehircilik Bakanlığı.
Birinci ve ikinci derece arkeolojik sit alanlarındaki taşınmazlar hangi yolla iktisap edilemez?,Zilyetlik yoluyla iktisap edilemez.
"Sit alanlarında (doğal sitler hariç) tadilat ve tamiratları denetlemekle görevli, belediye veya valilik bünyesinde kurulan birim nedir?","KUDEB (Koruma, Uygulama ve Denetim Bürosu)."
2863 sayılı Kanuna aykırı yapılanma olduğu bildirilen taşınmazların beyanlar sütununa hangi ibare yazılır?,Kesin yapılanma yasağına aykırı yapı veya eklenti vardır.
"Hukuki olarak ""önalım hakkı"" şerhi, tapu kütüğüne işlendiği tarihten itibaren en fazla kaç yıl geçerlidir?",10 yıl.
"Noterde düzenlenen taşınmaz satış vaadi şerhi, şerhten itibaren kaç yıl içinde satış yapılmazsa re'sen terkin edilir?",5 yıl.
Malikin tasarruf yetkisini kısıtlayan ve eşin rızası olmadan taşınmazın devredilmesini engelleyen şerh türü nedir?,Aile konutu şerhi.
Tapu müdürlüklerinde işlem yaparken eski kimlik kartları yerine hangi belgenin kullanımı zorunlu hale gelmiştir?,Çipli T.C. Kimlik Kartı.
WebTapu üzerinden sahte vekaletname riskine karşı malik tarafından konulabilen dijital güvenlik kilidinin adı nedir?,İşlem Yapılamaz Beyanı (Malik bizzat gelmeden işlem yapılamaz).
"WebTapu sisteminde ""İşlem Yapılamaz Beyanı"" tesis edildiğinde, noter onaylı vekaletname ile satış yapılması mümkün müdür?","Hayır, malik bizzat gelmedikçe vekaletname ile işlem yapılamaz."
"Taşınmaz üzerindeki haciz, ipotek ve şerhleri gösteren belgenin adı nedir?",Takyidatlı tapu kaydı.
Bir taşınmazın borç nedeniyle icra yoluyla satışına başlandığını duyuran şerh hangisidir?,Satışa arz şerhi (İİK 150/c).
Tapu kaydında bir tescilin terkin edilmesi için aranan temel şart nedir?,Kaydın kendilerine hak sağladığı kimselerin yazılı beyanı (TMK 1014).
"Mülkiyeti davalı olan bir taşınmazın satışına dair ""mülkiyeti davalıdır"" şerhi alıcıyı hangi konuda uyarır?",Taşınmazın mülkiyetinin veya paylarının dava sonucuna göre değişebileceği konusunda.
İhtiyati tedbir şerhi taşınmazın devri konusunda ne gibi bir sonuç doğurur?,Mahkeme kararı aksi yönde olmadıkça taşınmazın satışını ve devrini engeller.
Belediye katılım payı şerhi bulunan bir taşınmazın satışı ne zamana kadar mümkün değildir?,Belediyeye olan borç ve faizleri ödenene kadar.
Hak sahibine taşınmazın altında veya üstünde yapı inşa etme yetkisi veren irtifak hakkı nedir?,Üst hakkı.
İntifa hakkı şerhi bulunan bir taşınmazı satın alan kişi hangi haktan mahrum kalır?,Taşınmazı kullanma ve ondan yararlanma hakkından (bu hak şerh sahibine aittir).
"WebTapu üzerinden yapılan başvurularda, tapu harcı ve döner sermaye ödemeleri nasıl gerçekleştirilir?",Online (internet üzerinden) gerçekleştirilir.
Taşınmaz ticareti yapan emlak işletmelerinin WebTapu üzerinden işlem yapabilmesi için malikten ne alması gerekir?,Taşınmaz yetkilendirme onayı.
2863 sayılı Kanun kapsamındaki taşınmazlar için kadastro müdürlükleri hangi kurumdan uygunluk görüşü almalıdır?,İlgili Koruma Bölge Kurulu veya Tabiat Varlıkları Koruma Komisyonu.
Harç muafiyeti uygulanabilmesi için arkeolojik sit alanında hangi kısıtlamanın getirilmiş olması şarttır?,Kesin yapılanma yasağı getirilmiş olması.
Tapu ve Kadastro Genel Müdürlüğü'nün en üst amiri kimdir?,Genel Müdür.
TKGM bünyesinde davaların takibinden vazgeçme ve sulh tekliflerini hazırlayan birim hangisidir?,Hukuk Müşavirliği.
"TKGM merkez teşkilatında, iç denetim faaliyetlerini yürüten birim idari yönden kime bağlıdır?",Doğrudan Genel Müdüre bağlıdır.
Lisanslı Harita Kadastro Mühendislik Bürolarına (LİHKAB) lisans verme ve denetleme yetkisi kime aittir?,TKGM Genel Müdürü.
Hukuk uyuşmazlıklarının arabuluculuk yoluyla çözümlenmesinde Genel Müdürlüğü hangi birim temsil eder?,Hukuk Müşavirliği (Avukatlar ve Hukuk Müşavirleri).
TKGM'nin yıllık programlarını ve stratejik planını hazırlamakla görevli ana birim hangisidir?,Strateji Geliştirme Daire Başkanlığı.
"Tapu kaydında ""Diğer beyanların tesisi işlemi yapılmaktadır"" ifadesi genellikle neyi gösterir?","Malikin ""işlem yapılamaz beyanı"" talebinin sisteme işlendiğini."
WebTapu sistemine girişte güvenliği sağlamak için kullanılan yöntemlerden biri hangisidir?,İki faktörlü kimlik doğrulama (2FA) veya SMS onay kodu.
Taşınmazın geçmişine ait mülkiyet değişikliklerinin ve terkinlerin izlenebildiği veri alanına ne ad verilir?,Taşınmaz hareketleri.
"Bir taşınmazın tapu kaydındaki ""muhdesat"" bilgisi neyi ifade eder?","Arazi üzerindeki bina, ağaç gibi eklentilerin mülkiyetinin arazi malikinden başkasına ait olabileceğini."
"Hangi şerh türü, taşınmaz sahibinin değişmesi durumunda dahi yeni maliki bağlamaya devam eder?","Üçüncü kişilere hak tanıyan (örneğin intifa, şufa) veya tasarruf yetkisini kısıtlayan şerhler."
Tapu beyanı verilmemesi veya eksik verilmesi durumunda hangi yaptırım uygulanır?,Vergi ziyaı cezası veya usulsüzlük cezası gibi cezai yaptırımlar.
"Hangi kanun, İstanbul'daki kentsel dönüşüm süreçlerinde arsa payı ve kat karşılığı sözleşmelerin yasal temelini oluşturur?",6306 sayılı Afet Riski Altındaki Alanların Dönüştürülmesi Hakkında Kanun.
İstanbul'da tapu müdürlükleri hangi bölge müdürlüğüne bağlı olarak çalışır?,TKGM II. (İstanbul) Bölge Müdürlüğü.
Yetki alanı dışındaki taşınmazlar için yapılacak tapu işlemleri hangi genelge kapsamında yürütülür?,2018/1 sayılı Genelge.
"Bir taşınmazın imar durumunun (ifraz, tevhit, plan aşaması) yanlış pazarlanması emlak danışmanı için ne doğurur?",Hukuki ve cezai sorumluluk doğurur.
"WebTapu üzerinden alınan ""Takyidatlı Tapu Kaydı"" belgesi resmi makamlarda kullanılabilir mi?","Evet, resmi belge olarak kullanılabilir."
"2863 sayılı Kanun'a göre tescil edilen ""korunma alanı"" belirtmesi olan taşınmazlarda harç muafiyeti var mıdır?","Hayır, korunma alanı belirtmesi tek başına harç muafiyeti sağlamaz."
"TAKBİS sistemi üzerinden yapılan ""Gerçek Kişi Sorgulama"" hangi bilgiyle gerçekleştirilir?",T.C. Kimlik Numarası.
Taşınmazın konumu ve sınırlarının harita üzerinde görüntülenebildiği sistem hangisidir?,TKGM Parsel Sorgulama veya TAKBİS entegre harita modülleri.
"Bir taşınmazda ""intifa hakkı"" şerhi varsa, taşınmazın çıplak mülkiyet sahibi satış yapabilir mi?","Evet yapabilir, ancak intifa hakkı sahibi taşınmazı kullanmaya devam eder."
Hangi durumlarda WebTapu şifresi bilinse dahi hesaba giriş engellenebilir?,Sisteme tanımlı cep telefonuna gelen doğrulama kodu girilmediğinde.
Tapu müdürlüğüne gitmeden mirasçısı olunan taşınmazlar nereden sorgulanabilir?,WebTapu veya e-Devlet üzerinden.
2863 sayılı Kanun'a göre tescilli taşınmazın kadastral haritası yoksa liste kimler tarafından ortaklaşa belirlenir?,Koruma Bölge Kurulu Müdürlükleri ile Kadastro Müdürlükleri.
"Kamu orta malı (mera, yaylak vb.) niteliğindeki taşınmazlara sit belirtmesi nereye yapılır?",Bu taşınmazların özel siciline.
TKGM 2019/8 sayılı Genelgesi ile yürürlükten kaldırılan önceki düzenleme hangisidir?,2010/10 sayılı Genelge.
KUDEB'in bulunmadığı ilçelerde taşınmaz kültür varlıklarıyla ilgili denetim yetkisi kime devredilebilir?,O ilin il özel idaresine.
Miras intikali işlemi WebTapu üzerinden başlatılabilir mi?,"Evet, gerekli belgeler (veraset ilamı vb.) yüklenerek başlatılabilir."
WebTapu üzerinden gönderilen belgelerin asılları ne zaman ibraz edilir?,"Randevu gününde, tapu müdürlüğünde ıslak imza aşamasında."
Hisseli bir taşınmazda sadece kendi hissesini ve üzerindeki takyidatları görmek isteyen kullanıcı hangi seçeneği seçmelidir?,Tapu Kaydı (Login Olan Malik İçin Detaylı - ŞBİ Var).
TKGM teşkilatında personelin özlük haklarını ve atama işlemlerini hangi daire başkanlığı yürütür?,Personel Dairesi Başkanlığı.
"Hukuk Müşavirliği'nin hazırladığı ""hukuki mütalaa"" birimi bağlar mı?",Danışma niteliğindedir ancak idari kararlara esas teşkil eder.
Tapu harcı ödenmeden önce tapu müdürlüğü tarafından gönderilen bilgilendirme mesajında ne yer alır?,"Harç miktarı, döner sermaye bedeli ve randevu bilgileri."
Taşınmazın cins değişikliği işlemi için kadastro müdürlüğü hangi belgenin varlığını sorgular?,Kesin yapılanma yasağına aykırı yapı bulunmadığına dair kurul/komisyon yazısını.
"Harita Dairesi Başkanlığı bünyesinde yer alan, koordinat sistemlerinden sorumlu birim hangisidir?",Jeodezi Birimi.
"Bir taşınmazın ""Arkeolojik Sit"" olarak tescil edildiği bilgisi tapu kütüğünün hangi sütununa yazılır?",Beyanlar sütununa.
Vekaletname ile yapılan başvurularda tapu müdürlüğü vekaletin gerçekliğini nereden teyit eder?,Noterler Birliği sisteminden.
Hangi tür sit alanları harç muafiyeti kapsamındadır?,"Arkeolojik, kentsel, kentsel arkeolojik, tarihi ve doğal sit alanları (kesin yapılanma yasağı varsa)."
Emlakçılara verilen WebTapu yetkisi süreli midir?,"Evet, malik tarafından belirli bir süre için yetki tanımlanabilir."
Kadastro çalışmalarında hangi grup kültür varlıkları zilyetlik yoluyla iktisap edilemez?,Birinci grup olarak tescil edilen kültür varlıkları.
Hazine taşınmazlarının satışında Çevre ve Şehircilik Bakanlığı hangi varlıklar için izin verir?,Tabiat varlıkları ve korunma sınırları içindeki taşınmazlar.
Taşınmaz malikinin vefatı halinde WebTapu üzerinden sorgulama nasıl yapılır?,"""Mirasçısı Olduğum Taşınmazlar"" sekmesi üzerinden."
WebTapu barkodlu belgeler nasıl doğrulanır?,Belge üzerindeki karekod taratılarak veya doğrulanma kodu ile WebTapu anasayfasından.
"TKGM Strateji Geliştirme Daire Başkanlığı bünyesindeki ""İç Kontrol Birimi""nin görevi nedir?",İdarenin mali yönetim ve kontrol süreçlerinin mevzuata uygunluğunu sağlamak.
Teftiş Kurulu Başkanlığı hangi kuruma karşı sorumludur?,Doğrudan Genel Müdüre bağlıdır ve ona karşı sorumludur.
İstanbul'un yaşlı yapı stokunda konut kredisi kullanımını en çok engelleyen durum nedir?,Yapı kullanma izin belgesi (iskan) alınmamış olması veya kat irtifakında kalınması.
"Kadastro Dairesi Başkanlığı bünyesinde yer alan ""LİHKAB"" birimi neyle ilgilenir?",Lisanslı Harita ve Kadastro Bürolarının iş ve işlemleriyle.
Tapu ve Kadastro Genel Müdürlüğü hangi bakanlığa bağlıdır?,"Çevre, Şehircilik ve İklim Değişikliği Bakanlığı."
Şerh koyma ücreti nasıl hesaplanır?,Yöresel katsayı ile TKGM'nin belirlediği gösterge rakamının çarpımıyla.
Noterler hangi durumda tapu müdürlüğünce yapılan terkin işlemine benzer bir yetki kullanmaz?,"Noterler sicile doğrudan şerh veremez veya terkin yapamaz, sadece dayanak belge düzenler."
Satış vaadi şerhinden itibaren 5 yıl içinde işlem yapılmazsa bu şerh nasıl kalkar?,Tapu müdürlüğünce re'sen (kendiliğinden) terkin edilir.
Arsa payı karşılığı inşaat sözleşmesi tapu siciline şerh edilebilir mi?,"Evet, taraflardan birinin talebiyle şerh edilebilir."
TKGM'nin bilişim altyapısını ve TAKBİS'i yöneten ana birim hangisidir?,Bilgi Teknolojileri Dairesi Başkanlığı.
Yabancı gerçek kişilerin taşınmaz ediniminde kullanılan kimlik numarası hangisidir?,Yabancı Kimlik Numarası (YKN).
Yabancıların taşınmaz başvuruları WebTapu'nun hangi portalı üzerinden yapılabilir?,Your Key Türkiye (yknsizgiris) portalı.
"Tapu kaydında ""kaynak hakkı"" şerhi ne anlama gelir?",Şerh sahibinin o taşınmazdaki su kaynağından yararlanma hakkı olduğunu.
Hisseli tapu alırken alıcının en çok dikkat etmesi gereken hukuki risk nedir?,Diğer hissedarların sahip olduğu yasal önalım (şufa) hakkı.